-- phpMyAdmin SQL Dump
-- version 4.5.1
-- http://www.phpmyadmin.net
--
-- Хост: 127.0.0.1
-- Время создания: Окт 08 2016 г., 17:53
-- Версия сервера: 10.1.13-MariaDB
-- Версия PHP: 5.6.21

SET SQL_MODE = "NO_AUTO_VALUE_ON_ZERO";
SET time_zone = "+00:00";


/*!40101 SET @OLD_CHARACTER_SET_CLIENT=@@CHARACTER_SET_CLIENT */;
/*!40101 SET @OLD_CHARACTER_SET_RESULTS=@@CHARACTER_SET_RESULTS */;
/*!40101 SET @OLD_COLLATION_CONNECTION=@@COLLATION_CONNECTION */;
/*!40101 SET NAMES utf8mb4 */;

--
-- База данных: `ua_realstate`
--

-- --------------------------------------------------------

--
-- Структура таблицы `realst_crontb_tasks`
--

CREATE TABLE `realst_crontb_tasks` (
  `Task_ID` smallint(10) UNSIGNED NOT NULL,
  `Task_Year` varchar(4) CHARACTER SET utf8 COLLATE utf8_unicode_ci DEFAULT '*',
  `Task_Month` enum('*','1','2','3','4','5','6','7','8','9','10','11','12') CHARACTER SET utf8 COLLATE utf8_unicode_ci DEFAULT '*',
  `Task_Day` enum('*','1','2','3','4','5','6','7','8','9','10','11','12','13','14','15','16','17','18','19','20','21','22','23','24','25','26','27','28','29','30','31') CHARACTER SET utf8 COLLATE utf8_unicode_ci DEFAULT '*',
  `Task_Hour` enum('*','0','1','2','3','4','5','6','7','8','9','10','11','12','13','14','15','16','17','18','19','20','21','22','23') CHARACTER SET utf8 COLLATE utf8_unicode_ci DEFAULT '*',
  `Task_Minute` enum('@10','@20','@30','0','10','20','30','40','50') CHARACTER SET utf8 COLLATE utf8_unicode_ci DEFAULT '@30',
  `Task_RunFile` text CHARACTER SET utf8 COLLATE utf8_unicode_ci NOT NULL,
  `Task_Nazv` text CHARACTER SET utf8 COLLATE utf8_unicode_ci NOT NULL,
  `Task_Active` enum('0','1') CHARACTER SET utf8 COLLATE utf8_unicode_ci NOT NULL DEFAULT '0',
  `Task_LastStart` datetime NOT NULL
) ENGINE=MyISAM DEFAULT CHARSET=utf8;



-- --------------------------------------------------------

--
-- Структура таблицы `realst_list_cities`
--

CREATE TABLE `realst_list_cities` (
  `CityID` tinyint(3) UNSIGNED NOT NULL,
  `CityName` varchar(250) NOT NULL
) ENGINE=MyISAM DEFAULT CHARSET=utf8;

--
-- Дамп данных таблицы `realst_list_cities`
--

INSERT INTO `realst_list_cities` (`CityID`, `CityName`) VALUES
(1, 'Львів');

-- --------------------------------------------------------

--
-- Структура таблицы `realst_list_rajons`
--

CREATE TABLE `realst_list_rajons` (
  `RajonID` tinyint(3) UNSIGNED NOT NULL,
  `CityID` tinyint(3) UNSIGNED NOT NULL,
  `RajonText` varchar(250) NOT NULL
) ENGINE=MyISAM DEFAULT CHARSET=utf8;

--
-- Дамп данных таблицы `realst_list_rajons`
--

INSERT INTO `realst_list_rajons` (`RajonID`, `CityID`, `RajonText`) VALUES
(1, 1, 'Галицкий район'),
(2, 1, 'Франковский район'),
(3, 1, 'Шевченковский район'),
(4, 1, 'Железнодорожный район'),
(5, 1, 'Сыховский район'),
(6, 1, 'Лычаковский район');

-- --------------------------------------------------------

--
-- Структура таблицы `realst_list_streets`
--

CREATE TABLE `realst_list_streets` (
  `StreetID` mediumint(8) UNSIGNED NOT NULL,
  `CityID` tinyint(3) UNSIGNED NOT NULL,
  `StreetText` varchar(255) NOT NULL
) ENGINE=MyISAM DEFAULT CHARSET=utf8;

--
-- Дамп данных таблицы `realst_list_streets`
--

INSERT INTO `realst_list_streets` (`StreetID`, `CityID`, `StreetText`) VALUES
(1, 1, '1-й Заозерний пров.'),
(2, 1, 'вул. Бальзака'),
(3, 1, '1-й Скнилівський пров.'),
(4, 1, 'вул. Бандрівського'),
(5, 1, '2-й Скнилівський пров.'),
(6, 1, 'вул. Барвінських'),
(7, 1, '2-й Топольний пров.'),
(8, 1, 'вул. Бахматюка'),
(9, 1, '3-й Скнилівський пров.'),
(10, 1, 'вул. Бачинського'),
(11, 1, '3-й Топольний пров.'),
(12, 1, 'вул. Баштанна'),
(13, 1, '4-й Скнилівський пров.'),
(14, 1, 'вул. Бедржиха Сметани'),
(15, 1, '4-й Топольний пров.'),
(16, 1, 'вул. Бережанська'),
(17, 1, '5-й Скнилівський пров.'),
(18, 1, 'вул. Берестяна'),
(19, 1, '5-й Топольний пров.'),
(20, 1, 'вул. Бернарда Меретина'),
(21, 1, '6-й Скнилівський пров.'),
(22, 1, 'вул. Бетховена'),
(23, 1, '6-й Топольний пров.'),
(24, 1, 'вул. Богдана Котика'),
(25, 1, '7-й Скнилівський пров.'),
(26, 1, 'вул. Богдана Лепкого'),
(27, 1, 'Албанська вул.'),
(28, 1, 'вул. Богдана Хмельницького'),
(29, 1, 'Аральська вул.'),
(30, 1, 'вул. Богдана Януша'),
(31, 1, 'Арктична вул.'),
(32, 1, 'вул. Богдана-Ігоря Антонича'),
(33, 1, 'Архітекторська вул.'),
(34, 1, 'вул. Богданівська'),
(35, 1, 'Банківська вул.'),
(36, 1, 'вул. Боднарська'),
(37, 1, 'Батуринська вул.'),
(38, 1, 'вул. Бодянського'),
(39, 1, 'Болгарська вул.'),
(40, 1, 'вул. Бойківська'),
(41, 1, 'Бруснівська вул.'),
(42, 1, 'вул. Бориса Антоненка-Давидовича'),
(43, 1, 'Брюховицька вул.'),
(44, 1, 'вул. Бориса Романицького'),
(45, 1, 'Бузинова вул.'),
(46, 1, 'вул. Бориса Тена'),
(47, 1, 'Буковинська вул.'),
(48, 1, 'вул. Боровиковського'),
(49, 1, 'Буська вул.'),
(50, 1, 'вул. Ботанічна'),
(51, 1, 'Бібліотечна вул.'),
(52, 1, 'вул. Братня Велотраса "Вульки"'),
(53, 1, 'вул. Братів Климових'),
(54, 1, 'Весняна вул.'),
(55, 1, 'вул. Братів Міхновських'),
(56, 1, 'Випасова вул.'),
(57, 1, 'вул. Братів Рогатинців'),
(58, 1, 'Вихід на оглядовий майданчик на "Високому Замку"'),
(59, 1, 'вул. Братів Тимошенків'),
(60, 1, 'Вузька вул.'),
(61, 1, 'вул. Бринського'),
(62, 1, 'вул Броварна'),
(63, 1, 'вул. Бродівська'),
(64, 1, 'вул. Авраама Лінкольна'),
(65, 1, 'вул. Бузкова'),
(66, 1, 'вул. Авіаційна'),
(67, 1, 'вул. Букова'),
(68, 1, 'вул. Авґустина Волошина'),
(69, 1, 'вул. Біберовича'),
(70, 1, 'вул. Агабек-Заде'),
(71, 1, 'вул. Біласа'),
(72, 1, 'вул. Адама Коцька'),
(73, 1, 'вул. Білогорща'),
(74, 1, 'вул. Азовська'),
(75, 1, 'вул. Білоруська'),
(76, 1, 'вул. Академіка Богомольця'),
(77, 1, 'вул. Білоцерківська'),
(78, 1, 'вул. Академіка Андрія Сахарова'),
(79, 1, 'вул. В''ячеслава Липинського'),
(80, 1, 'вул. Академіка Володимира Філатова'),
(81, 1, 'вул. Вагова'),
(82, 1, 'вул. Академіка Кучера'),
(83, 1, 'вул. Вагонна'),
(84, 1, 'вул. Академіка Люльки'),
(85, 1, 'вул. Валеріана Полiщука'),
(86, 1, 'вул. Академіка Михайла Кравчука'),
(87, 1, 'вул. Валова'),
(88, 1, 'вул. Академіка Підстригача'),
(89, 1, 'вул. Варшавська'),
(90, 1, 'вул. Академіка Степана Рудницького'),
(91, 1, 'вул. Васильченка'),
(92, 1, 'вул. Академіка Філарета Колесси'),
(93, 1, 'вул. Василя Григоровича'),
(94, 1, 'вул. Академіка Євгена Лазаренка'),
(95, 1, 'вул. Василя Дідушка'),
(96, 1, 'вул. Академіка Івана Крип''якевича'),
(97, 1, 'вул. Василя Жуковського'),
(98, 1, 'вул. Академіка Івана Павлова'),
(99, 1, 'вул. Василя Перова'),
(100, 1, 'вул. Акакія Церетелі'),
(101, 1, 'вул. Василя Сiмовича'),
(102, 1, 'вул. Акацієва'),
(103, 1, 'вул. Василя Симоненка'),
(104, 1, 'вул. Алли Горської'),
(105, 1, 'вул. Василя Стефаника'),
(106, 1, 'вул. Алмазна'),
(107, 1, 'вул. Василя Стуса'),
(108, 1, 'вул. Алчевської'),
(109, 1, 'вул. Василя Єрошенка'),
(110, 1, 'вул. Алішера Навої'),
(111, 1, 'вул. Вербова'),
(112, 1, 'вул. Амвросія Бучми'),
(113, 1, 'вул. Анатолія Вахнянина'),
(114, 1, 'вул. Вернигори'),
(115, 1, 'вул. Анатолія Кос-Анатольського'),
(116, 1, 'вул. Верхня Зимова'),
(117, 1, 'вул. Ангарна'),
(118, 1, 'вул. Весела'),
(119, 1, 'вул. Андрія Волощака'),
(120, 1, 'вул. Ветеранів'),
(121, 1, 'вул. Андрія Мельника'),
(122, 1, 'вул. Вечірня'),
(123, 1, 'вул. Андрія П''ясецького'),
(124, 1, 'вул. Вигода'),
(125, 1, 'вул. Антона Головатого'),
(126, 1, 'вул. Вигін'),
(127, 1, 'вул. Антона Манастирського'),
(128, 1, 'вул. Визвольна'),
(129, 1, 'вул. Антона Чехова'),
(130, 1, 'вул. Винниківська'),
(131, 1, 'вул. Арсенальська'),
(132, 1, 'вул. Винниця'),
(133, 1, 'вул. Артема Веделя'),
(134, 1, 'вул. Виноградна'),
(135, 1, 'вул. Архівна'),
(136, 1, 'вул. Високий замок'),
(137, 1, 'вул. Бабія'),
(138, 1, 'вул. Височана'),
(139, 1, 'вул. Базальтова'),
(140, 1, 'вул. Вишнева'),
(141, 1, 'вул. Базарна'),
(142, 1, 'вул. Бакинська'),
(143, 1, 'вул. Водна'),
(144, 1, 'вул. Балкова'),
(145, 1, 'вул. Водогінна'),
(146, 1, 'вул. Балтійська'),
(147, 1, 'вул. Волинська'),
(148, 1, 'вул. Володимира Антоновича'),
(149, 1, 'вул. Грінченка'),
(150, 1, 'вул. Володимира Великого'),
(151, 1, 'вул. Гіацинтова'),
(152, 1, 'вул. Гіпсова'),
(153, 1, 'вул. Володимира Вернадського'),
(154, 1, 'вул. Дальня'),
(155, 1, 'вул. Володимира Винниченка'),
(156, 1, 'вул. Данила Апостола'),
(157, 1, 'вул. Володимира Гнатюка'),
(158, 1, 'вул. Данила Танячкевича'),
(159, 1, 'вул. Володимира Комарова'),
(160, 1, 'вул. Демнянська'),
(161, 1, 'вул. Володимира Короленка'),
(162, 1, 'вул. Дениса Лукіяновича'),
(163, 1, 'вул. Володимира Кубійовича'),
(164, 1, 'вул. Володимира Навроцького'),
(165, 1, 'вул. Джерельна'),
(166, 1, 'вул. Володимира Самійленка'),
(167, 1, 'вул. Джона Леннона'),
(168, 1, 'вул. Володимира Янева'),
(169, 1, 'вул. Джорджа Вашингтона'),
(170, 1, 'вул. Володимира Івасюка'),
(171, 1, 'вул. Джохара Дудаєва'),
(172, 1, 'вул. Дзиндри'),
(173, 1, 'вул. Волошкова вул. Дивізійна'),
(174, 1, 'вул. Воля вул. Дитяча'),
(175, 1, 'вул. Врубеля'),
(176, 1, 'вул. Дмитра Бортнянського'),
(177, 1, 'вул. Вугільна'),
(178, 1, 'вул. Дмитра Вітовського'),
(179, 1, 'вул. Вука Караджича'),
(180, 1, 'вул. Дмитра Гуні'),
(181, 1, 'вул. Вулецька'),
(182, 1, 'вул. Дмитра Данилишина'),
(183, 1, 'вул. Віктора Чукаріна'),
(184, 1, 'вул. Дмитра Детька'),
(185, 1, 'вул. Вільна'),
(186, 1, 'вул. Дмитра Донцова'),
(187, 1, 'вул. Вільхова'),
(188, 1, 'вул. Дмитра Загула'),
(189, 1, 'вул. Вірменська'),
(190, 1, 'вул. Дмитра Карбишева'),
(191, 1, 'вул. Вітряна'),
(192, 1, 'вул. Дмитра Котка'),
(193, 1, 'вул. Вічева'),
(194, 1, 'вул. Дмитра Маївського'),
(195, 1, 'вул. Газова'),
(196, 1, 'вул. Дмитра Менделєєва'),
(197, 1, 'вул. Гайдамацька'),
(198, 1, 'вул. Дмитра Яворницького'),
(199, 1, 'вул. Гайдучка'),
(200, 1, 'вул. Дністерська'),
(201, 1, 'вул. Гайова'),
(202, 1, 'вул. Дозвільна'),
(203, 1, 'вул. Галiлея'),
(204, 1, 'вул. Долішня'),
(205, 1, 'вул. Галицька'),
(206, 1, 'вул. Доробок'),
(207, 1, 'вул. Дороша'),
(208, 1, 'вул. Галицькі Пасіки'),
(209, 1, 'вул. Дорошенка вул. Гамалії'),
(210, 1, 'вул. Дрогобицька'),
(211, 1, 'вул. Ганни Барвінок'),
(212, 1, 'вул. Друкарська'),
(213, 1, 'вул. Гарматія'),
(214, 1, 'вул. Дріжджова'),
(215, 1, 'вул. Гартмана Вітвера'),
(216, 1, 'вул. Дублянська'),
(217, 1, 'вул. Генерала Алмазова'),
(218, 1, 'вул. Дубнівська'),
(219, 1, 'вул. Генерала Віктора Курмановича'),
(220, 1, 'вул. Дубова'),
(221, 1, 'вул. Генерала Дмитра Грицая'),
(222, 1, 'вул. Дунайська'),
(223, 1, 'вул. Генерала Мирона Тарнавського'),
(224, 1, 'вул. Духновича'),
(225, 1, 'вул. Генерала Мирона Юнаківа'),
(226, 1, 'вул. Дібровна'),
(227, 1, 'вул. Генерала Олександра Грекова'),
(228, 1, 'вул. Евгенія Озаркевича'),
(229, 1, 'вул. Генерала Тараса Чупринки'),
(230, 1, 'вул. Елізи Ожешко'),
(231, 1, 'вул. Геннадія Кузнєвича'),
(232, 1, 'вул. Енергетична'),
(233, 1, 'вул. Геологів'),
(234, 1, 'вул. Естонська'),
(235, 1, 'вул. Георгія Нарбута'),
(236, 1, 'вул. Ждахи'),
(237, 1, 'вул. Героїв Крут'),
(238, 1, 'вул. Житня'),
(239, 1, 'вул. Героїв Майдану'),
(240, 1, 'вул. Житомирська'),
(241, 1, 'вул. Героїв УПА'),
(242, 1, 'вул. Жовківська'),
(243, 1, 'вул. Гетьмана Мазепи'),
(244, 1, 'вул. Гетьмана Павла Полуботка'),
(245, 1, 'вул. Журавлина'),
(246, 1, 'вул. Глибока'),
(247, 1, 'вул. Забава'),
(248, 1, 'вул. Глиняна'),
(249, 1, 'вул. Загородня'),
(250, 1, 'вул. Глухий Кут'),
(251, 1, 'вул. Заклинських'),
(252, 1, 'вул. Глібова'),
(253, 1, 'вул. Залізнична'),
(254, 1, 'вул. Гната Хоткевича'),
(255, 1, 'вул. Залісна'),
(256, 1, 'вул. Гнатевича'),
(257, 1, 'вул. Замарстинівська'),
(258, 1, 'вул. Голинського'),
(259, 1, 'вул. Замкова'),
(260, 1, 'вул. Горбкова'),
(261, 1, 'вул. Заміська'),
(262, 1, 'вул. Гординських'),
(263, 1, 'вул. Заозерна'),
(264, 1, 'вул. Гордієнка'),
(265, 1, 'вул. Запольської'),
(266, 1, 'вул. Городоцька'),
(267, 1, 'вул. Запорізька'),
(268, 1, 'вул. Горіхова'),
(269, 1, 'вул. Зарицьких'),
(270, 1, 'вул. Гравійна'),
(271, 1, 'вул. Затишна'),
(272, 1, 'вул. Гранітна'),
(273, 1, 'вул. Збиральна'),
(274, 1, 'вул. Грецька'),
(275, 1, 'вул. Зборівська'),
(276, 1, 'вул. Гречана'),
(277, 1, 'вул. Збоїща'),
(278, 1, 'вул. Григорія Граб`янки'),
(279, 1, 'вул. Зв''язкова'),
(280, 1, 'вул. Григорія Квітки-Основ''яненка'),
(281, 1, 'вул. Здоров''я'),
(282, 1, 'вул. Григорія Петровського'),
(283, 1, 'вул. Зелена'),
(284, 1, 'вул. Григорія Смольського'),
(285, 1, 'вул. Земельна'),
(286, 1, 'вул. Грузинська'),
(287, 1, 'вул. Грушева'),
(288, 1, 'вул. Зернова'),
(289, 1, 'вул. Зигзаг'),
(290, 1, 'вул. Кременецька'),
(291, 1, 'вул. Зимова'),
(292, 1, 'вул. Крехівська'),
(293, 1, 'вул. Зиновія Флінти'),
(294, 1, 'вул. Кривчицька Дорога'),
(295, 1, 'вул. Золота'),
(296, 1, 'вул. Кримська'),
(297, 1, 'вул. Зубрицького'),
(298, 1, 'вул. Зубрівська'),
(299, 1, 'вул. Кругла'),
(300, 1, 'вул. Зустрічна'),
(301, 1, 'вул. Кругова'),
(302, 1, 'вул. Йосафата Коциловського'),
(303, 1, 'вул. Круп''ярська'),
(304, 1, 'вул. Йосипа Сліпого'),
(305, 1, 'вул. Кубанська'),
(306, 1, 'вул. Кавказька'),
(307, 1, 'вул. Кузнярівка'),
(308, 1, 'вул. Каганця'),
(309, 1, 'вул. Куликівська'),
(310, 1, 'вул. Казахська'),
(311, 1, 'вул. Кульпарківська'),
(312, 1, 'вул. Каліча Гора'),
(313, 1, 'вул. Кульчицької'),
(314, 1, 'вул. Кам''янецька'),
(315, 1, 'вул. Купальська'),
(316, 1, 'вул. Каменярів'),
(317, 1, 'вул. Купчинського'),
(318, 1, 'вул. Канівська'),
(319, 1, 'вул. Курильська'),
(320, 1, 'вул. Капітана Білинського'),
(321, 1, 'вул. Курортна'),
(322, 1, 'вул. Караїмська'),
(323, 1, 'вул. Кущова'),
(324, 1, 'вул. Карла Брюллова'),
(325, 1, 'вул. Лазнева'),
(326, 1, 'вул. Карла Микльоша'),
(327, 1, 'вул. Лебедина'),
(328, 1, 'вул. Карла Россі'),
(329, 1, 'вул. Лева Ганкевича'),
(330, 1, 'вул. Кармелюка'),
(331, 1, 'вул. Лева Трещаківського'),
(332, 1, 'вул. Карпа Скидана'),
(333, 1, 'вул. Лева Ґеца'),
(334, 1, 'вул. Карпатська'),
(335, 1, 'вул. Левандівська'),
(336, 1, 'вул. Кастелівка'),
(337, 1, 'вул. Левка Ревуцького'),
(338, 1, 'вул. Каховська'),
(339, 1, 'вул. Леоніда Перфецького'),
(340, 1, 'вул. Качали'),
(341, 1, 'вул. Леся Мартовича'),
(342, 1, 'вул. Квітки Цісик'),
(343, 1, 'вул. Леся Курбаса'),
(344, 1, 'вул. Квітнева'),
(345, 1, 'вул. Лесі Українки'),
(346, 1, 'вул. Керамічна'),
(347, 1, 'вул. Лижв''ярська'),
(348, 1, 'вул. Керченська'),
(349, 1, 'вул. Липова Алея'),
(350, 1, 'вул. Кирила Трильовського'),
(351, 1, 'вул. Листова'),
(352, 1, 'вул. Кирила і Мефодія'),
(353, 1, 'вул. Листопадна'),
(354, 1, 'вул. Кирилівська'),
(355, 1, 'вул. Листопадового Чину'),
(356, 1, 'вул. Кишинівська'),
(357, 1, 'вул. Литовська'),
(358, 1, 'вул. Київська'),
(359, 1, 'вул. Личаківська'),
(360, 1, 'вул. Лодія'),
(361, 1, 'вул. Клепарівська'),
(362, 1, 'вул. Лонгина Цегельського'),
(363, 1, 'вул. Кліматична'),
(364, 1, 'вул. Лотоцького'),
(365, 1, 'вул. Княгині Ольги'),
(366, 1, 'вул. Луганська'),
(367, 1, 'вул. Князя Льва'),
(368, 1, 'вул. Лук''яна Кобилиці'),
(369, 1, 'вул. Князя Мстислава Удатного'),
(370, 1, 'вул. Лукасевича'),
(371, 1, 'вул. Князя Романа'),
(372, 1, 'вул. Луки Гарматія'),
(373, 1, 'вул. Ковалевської'),
(374, 1, 'вул. Луки Долинського'),
(375, 1, 'вул. Козацька'),
(376, 1, 'вул. Луцька'),
(377, 1, 'вул. Козельницька'),
(378, 1, 'вул. Льва Броварського'),
(379, 1, 'вул. Козланюка'),
(380, 1, 'вул. Коломийська'),
(381, 1, 'вул. Льва Жемчужникова'),
(382, 1, 'вул. Колоскова'),
(383, 1, 'вул. Льва Толстого'),
(384, 1, 'вул. Конвеєробудівників'),
(385, 1, 'вул. Львівська'),
(386, 1, 'вул. Кондукторська'),
(387, 1, 'вул. Конотопська'),
(388, 1, 'вул. Львівська бічна'),
(389, 1, 'вул. Конюшинна'),
(390, 1, 'вул. Любінська'),
(391, 1, 'вул. Копальна'),
(392, 1, 'вул. Лютнева'),
(393, 1, 'вул. Кордуби'),
(394, 1, 'вул. Лікарська'),
(395, 1, 'вул. Корейська'),
(396, 1, 'вул. Лікувальна'),
(397, 1, 'вул. Корецька'),
(398, 1, 'вул. Лісна'),
(399, 1, 'вул. Корольова'),
(400, 1, 'вул. Коротка'),
(401, 1, 'вул. Ліська'),
(402, 1, 'вул. Корсунська вул. Літня'),
(403, 1, 'вул. Кортумівка'),
(404, 1, 'вул. Магазинова'),
(405, 1, 'вул. Коряцька вул. Майданна'),
(406, 1, 'вул. Косинського вул. Майорівка'),
(407, 1, 'вул. Космічна вул. Макаренка'),
(408, 1, 'вул. Костя Левицького'),
(409, 1, 'вул. Максима Залізняка'),
(410, 1, 'вул. Костянтина Корнякта'),
(411, 1, 'вул. Максима Кривоноса'),
(412, 1, 'вул. Костянтина Острозького'),
(413, 1, 'вул. Максима Рильського'),
(414, 1, 'вул. Костянтини Малицької'),
(415, 1, 'вул. Мала'),
(416, 1, 'вул. Котлярська'),
(417, 1, 'вул. Малехівська'),
(418, 1, 'вул. Кочегарська'),
(419, 1, 'вул. Мар''яна Панчишина'),
(420, 1, 'вул. Кошиця'),
(421, 1, 'вул. Марка Вовчка'),
(422, 1, 'вул. Кошова'),
(423, 1, 'вул. Марка Черемшини'),
(424, 1, 'вул. Краківська'),
(425, 1, 'вул. Мартироса Сар’яна'),
(426, 1, 'вул. Краснянська'),
(427, 1, 'вул. Марунька'),
(428, 1, 'вул. Красовська'),
(429, 1, 'вул. Марії Заньковецької'),
(430, 1, 'вул. Марії Конопницької'),
(431, 1, 'вул. Мостова'),
(432, 1, 'вул. Марії Мундяк'),
(433, 1, 'вул. Мосяжна'),
(434, 1, 'вул. Марії Слободівни'),
(435, 1, 'вул. Моторна'),
(436, 1, 'вул. Мацієвича'),
(437, 1, 'вул. Мукачівська'),
(438, 1, 'вул. Машиністів'),
(439, 1, 'вул. Мулярська'),
(440, 1, 'вул. Маєра Балабана'),
(441, 1, 'вул. Мурави'),
(442, 1, 'вул. Медова'),
(443, 1, 'вул. Мурашка'),
(444, 1, 'вул. Медової Печери'),
(445, 1, 'вул. Мучна'),
(446, 1, 'вул. Мележа Івана'),
(447, 1, 'вул. Мідна'),
(448, 1, 'вул. Мелетія Смотрицького'),
(449, 1, 'вул. Міхая Емінеску'),
(450, 1, 'вул. Металістів'),
(451, 1, 'вул. На Сторожі'),
(452, 1, 'вул. Метлинського'),
(453, 1, 'вул. На Четвертях'),
(454, 1, 'вул. Метрологічна'),
(455, 1, 'вул. Нагірна'),
(456, 1, 'вул. Мечникова'),
(457, 1, 'вул. Нагірних'),
(458, 1, 'вул. Микити Годованця'),
(459, 1, 'вул. Надійна'),
(460, 1, 'вул. Миклухо-Маклая'),
(461, 1, 'вул. Назарука'),
(462, 1, 'вул. Микола Аркаса'),
(463, 1, 'вул. Народна'),
(464, 1, 'вул. Миколая Коперника'),
(465, 1, 'вул. Насипна'),
(466, 1, 'вул. Миколи Бенцаля'),
(467, 1, 'вул. Наступальна'),
(468, 1, 'вул. Миколи Вороного'),
(469, 1, 'вул. Насінна'),
(470, 1, 'вул. Миколи Гоголя'),
(471, 1, 'вул. Наталії Кобринської'),
(472, 1, 'вул. Миколи Голубця'),
(473, 1, 'вул. Наукова'),
(474, 1, 'вул. Миколи Зерова'),
(475, 1, 'вул. Нафтова'),
(476, 1, 'вул. Миколи Кибальчича'),
(477, 1, 'вул. Незалежності'),
(478, 1, 'вул. Миколи Костомарова'),
(479, 1, 'вул. Немирівська'),
(480, 1, 'вул. Миколи Лемика'),
(481, 1, 'вул. Нечая'),
(482, 1, 'вул. Миколи Леонтовича'),
(483, 1, 'вул. Нижня Зимова'),
(484, 1, 'вул. Миколи Лисенка'),
(485, 1, 'вул. Низинна'),
(486, 1, 'вул. Миколи Лобачевського'),
(487, 1, 'вул. Низький Замок'),
(488, 1, 'вул. Миколи Лукаша'),
(489, 1, 'вул. Нова'),
(490, 1, 'вул. Миколи Некрасова'),
(491, 1, 'вул. Новий Світ'),
(492, 1, 'вул. Миколи Пимоненка'),
(493, 1, 'вул. Новознесенська'),
(494, 1, 'вул. Миколи Садовського'),
(495, 1, 'вул. Ніжинська'),
(496, 1, 'вул. Миколи Скрипника'),
(497, 1, 'вул. Ніщинського'),
(498, 1, 'вул. Миколи Устияновича'),
(499, 1, 'вул. Оглоблина'),
(500, 1, 'вул. Миколи Хвильового'),
(501, 1, 'вул. Огіркова'),
(502, 1, 'вул. Мила'),
(503, 1, 'вул. Озерна'),
(504, 1, 'вул. Милорадович'),
(505, 1, 'вул. Околична'),
(506, 1, 'вул. Милятинська'),
(507, 1, 'вул. Окружна'),
(508, 1, 'вул. Миргородська'),
(509, 1, 'вул. Окуневського'),
(510, 1, 'вул. Мирослава Ірчана'),
(511, 1, 'вул. Олександра Архипенка'),
(512, 1, 'вул. Митрополита Ангеловича'),
(513, 1, 'вул. Олександра Герцена'),
(514, 1, 'вул. Митрополита Андрея'),
(515, 1, 'вул. Олександра Довженка'),
(516, 1, 'вул. Митрополита Липківського'),
(517, 1, 'вул. Олександра Засядька'),
(518, 1, 'вул. Михайла Бойчука'),
(519, 1, 'вул. Олександра Козловського'),
(520, 1, 'вул. Михайла Гайворонського'),
(521, 1, 'вул. Олександра Кониського'),
(522, 1, 'вул. Михайла Глінки'),
(523, 1, 'вул. Олександра Мишуги'),
(524, 1, 'вул. Михайла Грушевського'),
(525, 1, 'вул. Олександра Олеся'),
(526, 1, 'вул. Михайла Драгана'),
(527, 1, 'вул. Олександра Фредра'),
(528, 1, 'вул. Михайла Драгоманова'),
(529, 1, 'вул. Олександра Чоловського'),
(530, 1, 'вул. Михайла Драй-Хмари'),
(531, 1, 'вул. Олександра Шумського'),
(532, 1, 'вул. Михайла Козика'),
(533, 1, 'вул. Олекси Довбуша'),
(534, 1, 'вул. Михайла Коцюбинського'),
(535, 1, 'вул. Олекси Гірника'),
(536, 1, 'вул. Михайла Кричевського'),
(537, 1, 'вул. Олекси Новаківського'),
(538, 1, 'вул. Михайла Лучкая'),
(539, 1, 'вул. Олекси Стороженка'),
(540, 1, 'вул. Михайла Максимовича'),
(541, 1, 'вул. Олексія Венеціанова'),
(542, 1, 'вул. Михайла Павлика'),
(543, 1, 'вул. Олени Пчілки'),
(544, 1, 'вул. Михайла Паращука'),
(545, 1, 'вул. Олени Степанівни'),
(546, 1, 'вул. Михайла Старицького'),
(547, 1, 'вул. Олени Теліги'),
(548, 1, 'вул. Михайла Туган-Барановського'),
(549, 1, 'вул. Олесницького'),
(550, 1, 'вул. Михайла Щепкіна'),
(551, 1, 'вул. Олешківська'),
(552, 1, 'вул. Михайла Яцкова'),
(553, 1, 'вул. Ольги Басараб'),
(554, 1, 'вул. Михальчука'),
(555, 1, 'вул. Ольги Дучимінської'),
(556, 1, 'вул. Михаїла Вербицького'),
(557, 1, 'вул. Ольги Кобилянської'),
(558, 1, 'вул. Мови Василя'),
(559, 1, 'вул. Ольжича'),
(560, 1, 'вул. Могильницького'),
(561, 1, 'вул. Олійна'),
(562, 1, 'вул. Модеста Менцинського'),
(563, 1, 'вул. Омеляна Ковча'),
(564, 1, 'вул. Модеста Сосенка'),
(565, 1, 'вул. Опанаса Сластіона'),
(566, 1, 'вул. Молдавська'),
(567, 1, 'вул. Орельська'),
(568, 1, 'вул. Молодіжна'),
(569, 1, 'вул. Орлина'),
(570, 1, 'вул. Молочна'),
(571, 1, 'вул. Осипа Маковея'),
(572, 1, 'вул. Моринецька'),
(573, 1, 'вул. Осипа Сорохтея'),
(574, 1, 'вул. Морозенка'),
(575, 1, 'вул. Осипа Турянського'),
(576, 1, 'вул. Морозна'),
(577, 1, 'вул. Оскара Кольберґа'),
(578, 1, 'вул. Моршинська'),
(579, 1, 'вул. Остапа Луцького'),
(580, 1, 'вул. Остапа Нижанківського'),
(581, 1, 'вул. Просвіти'),
(582, 1, 'вул. Остапа Терлецького'),
(583, 1, 'вул. Проста'),
(584, 1, 'вул. Остроградських'),
(585, 1, 'вул. Професора Петра Буйка'),
(586, 1, 'вул. Отця Іздрика'),
(587, 1, 'вул. Професора Юліана Медведецького'),
(588, 1, 'вул. Очаківська'),
(589, 1, 'вул. Професора Яреми'),
(590, 1, 'вул. Очеретяна'),
(591, 1, 'вул. Пташина'),
(592, 1, 'вул. Павла Грабовського'),
(593, 1, 'вул. Пустомитівська'),
(594, 1, 'вул. Павла Ковжуна'),
(595, 1, 'вул. Пшенична'),
(596, 1, 'вул. Павла Римлянина'),
(597, 1, 'вул. Під Голоском'),
(598, 1, 'вул. Павла Чубинського'),
(599, 1, 'вул. Під Дубом'),
(600, 1, 'вул. Памви Беринди'),
(601, 1, 'вул. Під Осовою'),
(602, 1, 'вул. Панаса Мирного'),
(603, 1, 'вул. Підвальна'),
(604, 1, 'вул. Панаса Саксаганського'),
(605, 1, 'вул. Підгаєцька'),
(606, 1, 'вул. Пантелеймона Куліша'),
(607, 1, 'вул. Підгірна'),
(608, 1, 'вул. Панча'),
(609, 1, 'вул. Підзамче'),
(610, 1, 'вул. Паньківського'),
(611, 1, 'вул. Підмурна'),
(612, 1, 'вул. Папарівка'),
(613, 1, 'вул. Пілотів'),
(614, 1, 'вул. Папоротна'),
(615, 1, 'вул. Піскова'),
(616, 1, 'вул. Параджанова'),
(617, 1, 'вул. Піша'),
(618, 1, 'вул. Паркова'),
(619, 1, 'вул. Радехівська'),
(620, 1, 'вул. Радість'),
(621, 1, 'вул. Парфановичів'),
(622, 1, 'вул. Райдужна'),
(623, 1, 'вул. Пасічна'),
(624, 1, 'вул. Ранкова'),
(625, 1, 'вул. Пекарська'),
(626, 1, 'вул. Рахівська'),
(627, 1, 'вул. Перемиська'),
(628, 1, 'вул. Рене Декарта'),
(629, 1, 'вул. Перехід'),
(630, 1, 'вул. Рибна'),
(631, 1, 'вул. Персенківка'),
(632, 1, 'вул. Рилеєва'),
(633, 1, 'вул. Петра Войтовича'),
(634, 1, 'вул. Робітнича'),
(635, 1, 'вул. Петра Гулака-Артемовського'),
(636, 1, 'вул. Роксоляни'),
(637, 1, 'вул. Петра Дорошенка'),
(638, 1, 'вул. Романа Дашкевича'),
(639, 1, 'вул. Петра Калнишевського'),
(640, 1, 'вул. Романа Сушка'),
(641, 1, 'вул. Петра Карманського'),
(642, 1, 'вул. Романа Шухевича'),
(643, 1, 'вул. Романчука'),
(644, 1, 'вул. Ромашкова'),
(645, 1, 'вул. Петра Могили'),
(646, 1, 'вул. Ромоданівська'),
(647, 1, 'вул. Петра Полтави'),
(648, 1, 'вул. Рослинна'),
(649, 1, 'вул. Петра Сагайдачного'),
(650, 1, 'вул. Рубінова'),
(651, 1, 'вул. Петра Чайковського'),
(652, 1, 'вул. Рудакі'),
(653, 1, 'вул. Петрицького'),
(654, 1, 'вул. Рудненська'),
(655, 1, 'вул. Пилипа Орлика'),
(656, 1, 'вул. Русових'),
(657, 1, 'вул. Пильникарська'),
(658, 1, 'вул. Руська'),
(659, 1, 'вул. Пирогівка'),
(660, 1, 'вул. Рядова'),
(661, 1, 'вул. Планерна'),
(662, 1, 'вул. Ряснянська'),
(663, 1, 'вул. Пластова'),
(664, 1, 'вул. Ряшівська'),
(665, 1, 'вул. Плетенецького'),
(666, 1, 'вул. Рівна'),
(667, 1, 'вул. Плугова'),
(668, 1, 'вул. Різьбярська'),
(669, 1, 'вул. Річицька'),
(670, 1, 'вул. Пляжна'),
(671, 1, 'вул. Садибна'),
(672, 1, 'вул. Поворотна'),
(673, 1, 'вул. Садова'),
(674, 1, 'вул. Повстанська'),
(675, 1, 'вул. Садівнича'),
(676, 1, 'вул. Повітряна'),
(677, 1, 'вул. Саковича'),
(678, 1, 'вул. Погулянка'),
(679, 1, 'вул. Самарська'),
(680, 1, 'вул. Самбірська'),
(681, 1, 'вул. Погідна'),
(682, 1, 'вул. Самійла Величка'),
(683, 1, 'вул. Подолинського'),
(684, 1, 'вул. Сарненська'),
(685, 1, 'вул. Пожежників'),
(686, 1, 'вул. Свидницького'),
(687, 1, 'вул. Покутська'),
(688, 1, 'вул. Свободи'),
(689, 1, 'вул. Полтв''яна'),
(690, 1, 'вул. Світанкова'),
(691, 1, 'вул. Полуднева'),
(692, 1, 'вул. Себастіана Кльоновича'),
(693, 1, 'вул. Полунична'),
(694, 1, 'вул. Севастопольська'),
(695, 1, 'вул. Польова'),
(696, 1, 'вул. Северина Наливайка'),
(697, 1, 'вул. Політехнічна'),
(698, 1, 'вул. Селищна'),
(699, 1, 'вул. Поперечна'),
(700, 1, 'вул. Сельських'),
(701, 1, 'вул. Порохова'),
(702, 1, 'вул. Семена Палія'),
(703, 1, 'вул. Порічкова'),
(704, 1, 'вул. Сеньковича'),
(705, 1, 'вул. Потебні'),
(706, 1, 'вул. Серафима Кушевича'),
(707, 1, 'вул. Потелицька'),
(708, 1, 'вул. Сербська'),
(709, 1, 'вул. Потічок'),
(710, 1, 'вул. Сергія Боткіна'),
(711, 1, 'вул. Почаївська'),
(712, 1, 'вул. Сергія Васильківського'),
(713, 1, 'вул. Поштова'),
(714, 1, 'вул. Сергія Литвиненка'),
(715, 1, 'вул. Приколійова'),
(716, 1, 'вул. Сергія Євського'),
(717, 1, 'вул. Природна'),
(718, 1, 'вул. Сергія Єфремова'),
(719, 1, 'вул. Прогулкова'),
(720, 1, 'вул. Сигнальна'),
(721, 1, 'вул. Промислова'),
(722, 1, 'вул. Сигнівка'),
(723, 1, 'вул. Пропелерна'),
(724, 1, 'вул. Сидора Воробкевича'),
(725, 1, 'вул. Сидора Голубовича'),
(726, 1, 'вул. Т. Масарика'),
(727, 1, 'вул. Сильвестра Гавришкевича'),
(728, 1, 'вул. Табірна'),
(729, 1, 'вул. Тадеуша Бой-Желенського'),
(730, 1, 'вул. Симона Петлюри'),
(731, 1, 'вул. Тадеуша Костюшка'),
(732, 1, 'вул. Синявського'),
(733, 1, 'вул. Таллінська'),
(734, 1, 'вул. Сихівська'),
(735, 1, 'вул. Таманська'),
(736, 1, 'вул. Скельна'),
(737, 1, 'вул. Тараса Шевченка'),
(738, 1, 'вул. Скляна'),
(739, 1, 'вул. Тарасівська'),
(740, 1, 'вул. Сковороди'),
(741, 1, 'вул. Татарбунарська'),
(742, 1, 'вул. Сливова'),
(743, 1, 'вул. Татарська'),
(744, 1, 'вул. Творча'),
(745, 1, 'вул. Слобідська'),
(746, 1, 'вул. Театральна'),
(747, 1, 'вул. Слюсарська'),
(748, 1, 'вул. Темницьких'),
(749, 1, 'вул. Смерекова'),
(750, 1, 'вул. Теофіля Комаринця'),
(751, 1, 'вул. Смолиста'),
(752, 1, 'вул. Теофіля Копистинського'),
(753, 1, 'вул. Сміла'),
(754, 1, 'вул. Теребовлянська'),
(755, 1, 'вул. Сміливих'),
(756, 1, 'вул. Тернопільська'),
(757, 1, 'вул. Снопківська'),
(758, 1, 'вул. Тершаковців'),
(759, 1, 'вул. Соколина'),
(760, 1, 'вул. Тесленка'),
(761, 1, 'вул. Сокільницька'),
(762, 1, 'вул. Тиверська'),
(763, 1, 'вул. Солов''їна'),
(764, 1, 'вул. Тичини'),
(765, 1, 'вул. Солодова'),
(766, 1, 'вул. Ткацька'),
(767, 1, 'вул. Солом''янка'),
(768, 1, 'вул. Топольна'),
(769, 1, 'вул. Соломона Ляйнберга'),
(770, 1, 'вул. Торгова'),
(771, 1, 'вул. Соломії Крушельницької'),
(772, 1, 'вул. Торф''яна'),
(773, 1, 'вул. Соляк'),
(774, 1, 'вул. Тракт Глинянський'),
(775, 1, 'вул. Сомокиша'),
(776, 1, 'вул. Трещаківського'),
(777, 1, 'вул. Сонячна'),
(778, 1, 'вул. Тролейбусна'),
(779, 1, 'вул. Соняшникова'),
(780, 1, 'вул. Трускавецька'),
(781, 1, 'вул. Сороки'),
(782, 1, 'вул. Туркменська'),
(783, 1, 'вул. Соснова'),
(784, 1, 'вул. Тучапського'),
(785, 1, 'вул. Тюльпанова'),
(786, 1, 'вул. Сосюри'),
(787, 1, 'вул. Тютюнників'),
(788, 1, 'вул. Спадиста'),
(789, 1, 'вул. Тісна'),
(790, 1, 'вул. Спокійна'),
(791, 1, 'вул. Угорська'),
(792, 1, 'вул. Ударна'),
(793, 1, 'вул. Сріблиста'),
(794, 1, 'вул. Ужгородська'),
(795, 1, 'вул. Ставропігійська'),
(796, 1, 'вул. Уласа Самчука'),
(797, 1, 'вул. Стадників'),
(798, 1, 'вул. Уляни Кравченко'),
(799, 1, 'вул. Станційна'),
(800, 1, 'вул. Уманська'),
(801, 1, 'вул. Станція Личаків'),
(802, 1, 'вул. Університетська'),
(803, 1, 'вул. Станіслава Людкевича'),
(804, 1, 'вул. Урожайна'),
(805, 1, 'вул. Стара'),
(806, 1, 'вул. Ф. Черника'),
(807, 1, 'вул. Староміська'),
(808, 1, 'вул. Федора Вовка'),
(809, 1, 'вул. Староєврейська'),
(810, 1, 'вул. Ференца Ліста'),
(811, 1, 'вул. Степана Бандери'),
(812, 1, 'вул. Фещенка-Чопівського'),
(813, 1, 'вул. Степана Ковалева'),
(814, 1, 'вул. Франтішека Ржегоржа'),
(815, 1, 'вул. Степана Руданського'),
(816, 1, 'вул. Франциска Скорини'),
(817, 1, 'вул. Степана Смаль-Стоцького'),
(818, 1, 'вул. Францішка Карпінського'),
(819, 1, 'вул. Степана Томашівського'),
(820, 1, 'вул. Фредеріка Шопена'),
(821, 1, 'вул. Степового'),
(822, 1, 'вул. Фурманська'),
(823, 1, 'вул. Стефана Банаха'),
(824, 1, 'вул. Харківська'),
(825, 1, 'вул. Стеценка'),
(826, 1, 'вул. Хлібна'),
(827, 1, 'вул. Стрийська'),
(828, 1, 'вул. Холмська'),
(829, 1, 'вул. Стрімка'),
(830, 1, 'вул. Холодноярська'),
(831, 1, 'вул. Студентська'),
(832, 1, 'вул. Хорватська'),
(833, 1, 'вул. Студинського'),
(834, 1, 'вул. Хоробрих'),
(835, 1, 'вул. Суботівська'),
(836, 1, 'вул. Хортицька'),
(837, 1, 'вул. Сумська'),
(838, 1, 'вул. Христофора Колумба'),
(839, 1, 'вул. Суха'),
(840, 1, 'вул. Хрісто Ботєва'),
(841, 1, 'вул. Сухомлинського'),
(842, 1, 'вул. Художня'),
(843, 1, 'вул. Сушкевича'),
(844, 1, 'вул. Хуторівка'),
(845, 1, 'вул. Сушко-Скачківської'),
(846, 1, 'вул. Хімічна'),
(847, 1, 'вул. Сходова'),
(848, 1, 'вул. Цетнерівка'),
(849, 1, 'вул. Східна'),
(850, 1, 'вул. Циганівка'),
(851, 1, 'вул. Сяйво'),
(852, 1, 'вул. Чагарникова'),
(853, 1, 'вул. Сянська'),
(854, 1, 'вул. Червона'),
(855, 1, 'вул. Сім''ї Крушельницьких'),
(856, 1, 'вул. Черемхова'),
(857, 1, 'вул. Сінна'),
(858, 1, 'вул. Черешнева'),
(859, 1, 'вул. Сірка'),
(860, 1, 'вул. Чернеча Гора'),
(861, 1, 'вул. Січинського'),
(862, 1, 'вул. Січнева'),
(863, 1, 'вул. Чернівецька'),
(864, 1, 'вул. Січова'),
(865, 1, 'вул. Чернігівська'),
(866, 1, 'вул. Січових Стрільців'),
(867, 1, 'вул. Чечета'),
(868, 1, 'вул. Чигиринська'),
(869, 1, 'вул. Чижевського'),
(870, 1, 'вул. Івана Гушалевича'),
(871, 1, 'вул. Чикаленка'),
(872, 1, 'вул. Івана Кавалерідзе'),
(873, 1, 'вул. Чорноморська'),
(874, 1, 'вул. Івана Карпинця'),
(875, 1, 'вул. Чуваська'),
(876, 1, 'вул. Івана Копача'),
(877, 1, 'вул. Шафарика'),
(878, 1, 'вул. Івана Котляревського'),
(879, 1, 'вул. Шахтарська'),
(880, 1, 'вул. Івана Миколайчука'),
(881, 1, 'вул. Шведська'),
(882, 1, 'вул. Івана Нечуя-Левицького'),
(883, 1, 'вул. Шевська'),
(884, 1, 'вул. Івана Огієнка'),
(885, 1, 'вул. Шевченка'),
(886, 1, 'вул. Івана Пулюя'),
(887, 1, 'вул. Шептицьких'),
(888, 1, 'вул. Івана Піддубного'),
(889, 1, 'вул. Широка'),
(890, 1, 'вул. Івана Раковського'),
(891, 1, 'вул. Івана Репіна'),
(892, 1, 'вул. Шкрібляків'),
(893, 1, 'вул. Івана Рубчака'),
(894, 1, 'вул. Шкільна'),
(895, 1, 'вул. Івана Рутковича'),
(896, 1, 'вул. Шкіряна'),
(897, 1, 'вул. Івана Севери'),
(898, 1, 'вул. Шолом-Алейхема'),
(899, 1, 'вул. Івана Стешенка'),
(900, 1, 'вул. Шота Руставелі'),
(901, 1, 'вул. Івана Сулими'),
(902, 1, 'вул. Шпитальна'),
(903, 1, 'вул. Івана Сєченова'),
(904, 1, 'вул. Шполянська'),
(905, 1, 'вул. Івана Тиктора'),
(906, 1, 'вул. Шімзерів'),
(907, 1, 'вул. Івана Тобілевича'),
(908, 1, 'вул. Щекавицька'),
(909, 1, 'вул. Івана Труша'),
(910, 1, 'вул. Щирецька'),
(911, 1, 'вул. Івана Федорова'),
(912, 1, 'вул. Щоголева'),
(913, 1, 'вул. Івана Франка'),
(914, 1, 'вул. Щурата'),
(915, 1, 'вул. Івана Чмоли'),
(916, 1, 'вул. Юліана Буцманюка'),
(917, 1, 'вул. Івана Шараневича'),
(918, 1, 'вул. Юліана Захаревича'),
(919, 1, 'вул. Іванни Блажкевич'),
(920, 1, 'вул. Юліана Опільського'),
(921, 1, 'вул. Іларіона Свєнціцького'),
(922, 1, 'вул. Юліуша Словацького'),
(923, 1, 'вул. Іллі Кокорудза'),
(924, 1, 'вул. Юрія Дрогобича'),
(925, 1, 'вул. Ільмова'),
(926, 1, 'вул. Юрія Кондратюка'),
(927, 1, 'вул. Інструментальна'),
(928, 1, 'вул. Юрія Липи'),
(929, 1, 'вул. Ірини Вільде'),
(930, 1, 'вул. Юрія Мушака'),
(931, 1, 'вул. Ґалас Діаманди'),
(932, 1, 'вул. Юрія Федьковича'),
(933, 1, 'вул. Ґрунтова'),
(934, 1, 'вул. Яблунева'),
(935, 1, 'Вівсяна вул.'),
(936, 1, 'Відкрита вул.'),
(937, 1, 'вул. Яворівська'),
(938, 1, 'Городницька вул.'),
(939, 1, 'вул. Якова Гніздовського'),
(940, 1, 'Горіхова вул.'),
(941, 1, 'вул. Якова Головацького'),
(942, 1, 'Грибова вул.'),
(943, 1, 'вул. Якова Остряниці'),
(944, 1, 'Грушева вул.'),
(945, 1, 'вул. Якова Раппопорта'),
(946, 1, 'Грюнвальдська вул.'),
(947, 1, 'вул. Яловець'),
(948, 1, 'Гуцульська вул.'),
(949, 1, 'вул. Яна Жижки'),
(950, 1, 'Дагестанська вул.'),
(951, 1, 'вул. Яна Матейка'),
(952, 1, 'Диктова вул.'),
(953, 1, 'вул. Янки Купали'),
(954, 1, 'Дніпровська вул.'),
(955, 1, 'вул. Яніса Райніса'),
(956, 1, 'Довга вул.'),
(957, 1, 'вул. Японська'),
(958, 1, 'вул. Яричівська'),
(959, 1, 'Донецька вул.'),
(960, 1, 'вул. Ярослава Гашека'),
(961, 1, 'Доступна вул.'),
(962, 1, 'вул. Ярослава Мудрого'),
(963, 1, 'Жасминова вул.'),
(964, 1, 'вул. Ярослава Музики'),
(965, 1, 'Жнивна вул.'),
(966, 1, 'вул. Ярослава Пастернака'),
(967, 1, 'Заболотівська вул.'),
(968, 1, 'вул. Ярослава Пстрака'),
(969, 1, 'Заводська вул.'),
(970, 1, 'вул. Ярослава Стецька'),
(971, 1, 'Загірна вул.'),
(972, 1, 'вул. Ярослава Ярославенка'),
(973, 1, 'Замкнена вул.'),
(974, 1, 'вул. Ясна'),
(975, 1, 'Заповітна вул.'),
(976, 1, 'Зоряна вул.'),
(977, 1, 'вул. Євгена Коновальця'),
(978, 1, 'Камінна вул.'),
(979, 1, 'вул. Євгена Гребінки'),
(980, 1, 'Каштанова вул.'),
(981, 1, 'вул. Євгена Патона'),
(982, 1, 'Квітова вул.'),
(983, 1, 'вул. Євгена Плужника'),
(984, 1, 'Китайська вул.'),
(985, 1, 'вул. Євгена Поповича'),
(986, 1, 'Княжа вул.'),
(987, 1, 'вул. Євгенії Ярошинської'),
(988, 1, 'Кобзарська вул.'),
(989, 1, 'вул. І. Лукича'),
(990, 1, 'Ковельська вул.'),
(991, 1, 'вул. Івана Левинського'),
(992, 1, 'Колісна вул.'),
(993, 1, 'вул. Івана Айвазовського'),
(994, 1, 'Кооперативна вул.'),
(995, 1, 'вул. Івана Багряного'),
(996, 1, 'Кравецька вул.'),
(997, 1, 'вул. Івана Боберського'),
(998, 1, 'Краківський ряд'),
(999, 1, 'вул. Івана Богуна'),
(1000, 1, 'Кривчицька дорога'),
(1001, 1, 'вул. Івана Вагилевича'),
(1002, 1, 'Кукурудзяна вул.'),
(1003, 1, 'вул. Івана Величковського'),
(1004, 1, 'Кутова вул.'),
(1005, 1, 'вул. Івана Верхратського'),
(1006, 1, 'Кінцева вул.'),
(1007, 1, 'вул. Івана Виговського'),
(1008, 1, 'Ланова вул.'),
(1009, 1, 'вул. Івана Вишенського'),
(1010, 1, 'Лемківська вул.'),
(1011, 1, 'вул. Івана Гонти'),
(1012, 1, 'Ливарна вул.'),
(1013, 1, 'вул. Івана Горбачевського'),
(1014, 1, 'Липнева пл.'),
(1015, 1, 'Лисинецька вул.'),
(1016, 1, 'Поліська вул.'),
(1017, 1, 'Ловецька вул.'),
(1018, 1, 'Порічкова вул.'),
(1019, 1, 'Лугова вул.'),
(1020, 1, 'Похила вул.'),
(1021, 1, 'Льняна вул.'),
(1022, 1, 'Прилуцька вул.'),
(1023, 1, 'Лірницька вул.'),
(1024, 1, 'Приязна вул.'),
(1025, 1, 'Лісова дорога'),
(1026, 1, 'Пасічна-Личаківська'),
(1027, 1, 'пров. Параджанова'),
(1028, 1, 'М 06 (E471)'),
(1029, 1, 'просп. В''ячеслава Чорновола'),
(1030, 1, 'М 10 (Е 40)'),
(1031, 1, 'просп. Свободи'),
(1032, 1, 'М-06 (E40)'),
(1033, 1, 'просп. Тараса Шевченка'),
(1034, 1, 'М-09 (E372)'),
(1035, 1, 'просп. Червоної Калини'),
(1036, 1, 'Малоголосківська вул.'),
(1037, 1, 'Професорська вул.'),
(1038, 1, 'Меблярська вул.'),
(1039, 1, 'проїзд Автобудівельників'),
(1040, 1, 'Механічна вул.'),
(1041, 1, 'проїзд Крива Липа'),
(1042, 1, 'Мирна вул.'),
(1043, 1, 'Півколо'),
(1044, 1, 'Мисливська вул.'),
(1045, 1, 'Підлісна вул.'),
(1046, 1, 'Митна пл.'),
(1047, 1, 'Підміська вул.'),
(1048, 1, 'Музейна вул.'),
(1049, 1, 'Резедова вул.'),
(1050, 1, 'Музейна пл.'),
(1051, 1, 'Реміснича вул.'),
(1052, 1, 'Мурована вул.'),
(1053, 1, 'Розлога вул.'),
(1054, 1, 'Міжгірна вул.'),
(1055, 1, 'Розточчя вул.'),
(1056, 1, 'Міртова вул.'),
(1057, 1, 'Рубінова'),
(1058, 1, 'Міуська вул.'),
(1059, 1, 'Рясненська вул.'),
(1060, 1, 'Нарцисова вул.'),
(1061, 1, 'Рівненська вул.'),
(1062, 1, 'Низова вул.'),
(1063, 1, 'Рільнича вул.'),
(1064, 1, 'Нова'),
(1065, 1, 'Садова вул.'),
(1066, 1, 'Нова вул.'),
(1067, 1, 'Одеська вул.'),
(1068, 1, 'Санітарна вул.'),
(1069, 1, 'Ожинова вул.'),
(1070, 1, 'Світла вул.'),
(1071, 1, 'Опришківська вул.'),
(1072, 1, 'Селянська вул.'),
(1073, 1, 'Освицька вул.'),
(1074, 1, 'Селянський ряд'),
(1075, 1, 'Паркова алея'),
(1076, 1, 'Скромна вул.'),
(1077, 1, 'Паркова доріжка'),
(1078, 1, 'Скісна вул.'),
(1079, 1, 'Перекопська вул.'),
(1080, 1, 'Слов''янська вул.'),
(1081, 1, 'Переяславська вул.'),
(1082, 1, 'Сніжна вул.'),
(1083, 1, 'Пильникарська вул.'),
(1084, 1, 'Сонячна вул.'),
(1085, 1, 'пл. 700-річчя Львова Сорочинська вул.'),
(1086, 1, 'пл. Адама Міцкевича'),
(1087, 1, 'Ставова вул.'),
(1088, 1, 'пл. Василя Вишиванного'),
(1089, 1, 'Старознесенська вул.'),
(1090, 1, 'пл. Вічева'),
(1091, 1, 'Стежка на гуртовий ринок "Шувар"'),
(1092, 1, 'пл. Галицька'),
(1093, 1, 'Стежка, що з''єднує вул. Замарстинівську і Голосківський цвинтар'),
(1094, 1, 'пл. Генерала Григоренка'),
(1095, 1, 'Стежка-просіка в Брюховицькому лісі'),
(1096, 1, 'пл. Данила Галицького'),
(1097, 1, 'Стрийський парк'),
(1098, 1, 'пл. Двірцева'),
(1099, 1, 'Струмок вул.'),
(1100, 1, 'пл. Звенигородська'),
(1101, 1, 'Стрілецька вул.'),
(1102, 1, 'пл. Катедральна'),
(1103, 1, 'Судова вул.'),
(1104, 1, 'пл. Князя Святослава'),
(1105, 1, 'Т-14-16'),
(1106, 1, 'пл. Коліївщини'),
(1107, 1, 'Таджицька вул.'),
(1108, 1, 'пл. Марка Кропивницького'),
(1109, 1, 'Творча вул.'),
(1110, 1, 'пл. Маркіяна Шашкевича'),
(1111, 1, 'Технічна вул.'),
(1112, 1, 'пл. Олекси Гасина'),
(1113, 1, 'Тиха вул.'),
(1114, 1, 'пл. Ринок'),
(1115, 1, 'Тунельна вул.'),
(1116, 1, 'пл. Різні'),
(1117, 1, 'Турецька вул.'),
(1118, 1, 'пл. Св. Теодора'),
(1119, 1, 'Угнівська вул.'),
(1120, 1, 'пл. св. Юра'),
(1121, 1, 'Узбецька вул.'),
(1122, 1, 'пл. Соборна'),
(1123, 1, 'Фабрична вул.'),
(1124, 1, 'пл. Старий Ринок'),
(1125, 1, 'Хотинська вул.'),
(1126, 1, 'пл. Стефана Яворського'),
(1127, 1, 'Цехова вул.'),
(1128, 1, 'пл. Ярослава Осмомисла'),
(1129, 1, 'Черемхова вул.'),
(1130, 1, 'пл. Євгена Маланюка'),
(1131, 1, 'Черкаська вул.'),
(1132, 1, 'пл. Євгена Петрушевича'),
(1133, 1, 'Чумацька вул.'),
(1134, 1, 'пл. Івана Підкови'),
(1135, 1, 'Щепова вул.'),
(1136, 1, 'Плетенецького вул.'),
(1137, 1, 'Ялтинська вул.'),
(1138, 1, 'Площа Святого Теодора'),
(1139, 1, 'Ярова вул.'),
(1140, 1, 'Польна вул.'),
(1141, 1, 'vulytsia Bohdana Khmelnytskoho'),
(1142, 1, 'Польова вул.');

-- --------------------------------------------------------

--
-- Структура таблицы `realst_realstate_changes_log`
--

CREATE TABLE `realst_realstate_changes_log` (
  `ChangeID` bigint(20) UNSIGNED NOT NULL,
  `ChangeDateTime` bigint(20) UNSIGNED NOT NULL,
  `Object_ID` int(10) UNSIGNED NOT NULL,
  `EditAutor` mediumint(8) UNSIGNED NOT NULL,
  `ChangeField` text NOT NULL,
  `ChangeWas` text NOT NULL,
  `ChangeNew` text NOT NULL
) ENGINE=MyISAM DEFAULT CHARSET=utf8;


-- --------------------------------------------------------

--
-- Структура таблицы `realst_relastate_gallery`
--

CREATE TABLE `realst_relastate_gallery` (
  `Image_ID` int(10) UNSIGNED NOT NULL,
  `Object_ID` int(10) UNSIGNED NOT NULL,
  `ImageName` text NOT NULL
) ENGINE=MyISAM DEFAULT CHARSET=utf8;


-- --------------------------------------------------------

--
-- Структура таблицы `realst_relastate_live`
--

CREATE TABLE `realst_relastate_live` (
  `Object_ID` int(10) UNSIGNED NOT NULL,
  `Object_Date` date NOT NULL,
  `Object_Type` tinyint(3) UNSIGNED NOT NULL,
  `Object_Rajon` tinyint(3) UNSIGNED NOT NULL,
  `Object_Street` mediumint(8) UNSIGNED NOT NULL DEFAULT '0',
  `Object_Addr` text NOT NULL,
  `Object_Price` float UNSIGNED NOT NULL,
  `Price_Valut` tinyint(3) UNSIGNED NOT NULL,
  `Predopalt` text NOT NULL,
  `Predopalt_Valut` tinyint(3) UNSIGNED NOT NULL,
  `AreaTot` smallint(5) UNSIGNED NOT NULL,
  `AreaExt` varchar(200) NOT NULL,
  `Floor` tinyint(3) UNSIGNED NOT NULL,
  `NumbOfFloors` tinyint(3) UNSIGNED NOT NULL,
  `NumbOfRooms` tinyint(3) UNSIGNED NOT NULL,
  `WallMatherial` tinyint(3) UNSIGNED NOT NULL DEFAULT '1',
  `EnterToFlat` tinyint(3) UNSIGNED NOT NULL DEFAULT '1',
  `TypeOfHouse` tinyint(3) UNSIGNED NOT NULL,
  `TypeOfHeat` tinyint(3) UNSIGNED NOT NULL,
  `Santech` tinyint(3) UNSIGNED NOT NULL,
  `Overlaps` tinyint(3) UNSIGNED NOT NULL,
  `Furniture` tinyint(3) UNSIGNED NOT NULL,
  `Remont` tinyint(3) UNSIGNED NOT NULL,
  `Kitchen` tinyint(3) UNSIGNED NOT NULL,
  `OtherInf` text NOT NULL,
  `OwnerContacts` text NOT NULL,
  `TechInObj` varchar(255) NOT NULL,
  `WhoWillLive` text NOT NULL,
  `LnkRieltor` mediumint(8) UNSIGNED NOT NULL,
  `FriendRieltor` enum('0','1') NOT NULL DEFAULT '0',
  `Operator` mediumint(8) UNSIGNED NOT NULL,
  `TimeLife` varchar(255) NOT NULL,
  `IsCommerce` enum('0','1') NOT NULL DEFAULT '0',
  `ContractType` enum('1','2') NOT NULL DEFAULT '1',
  `Object_Created` bigint(20) UNSIGNED NOT NULL
) ENGINE=MyISAM DEFAULT CHARSET=utf8;


-- --------------------------------------------------------

--
-- Структура таблицы `realst_ta_usrsadm_main`
--

CREATE TABLE `realst_ta_usrsadm_main` (
  `uadm_id` mediumint(8) UNSIGNED NOT NULL,
  `uadm_fio` varchar(250) NOT NULL,
  `uadm_login` text NOT NULL,
  `uadm_passw` text NOT NULL,
  `uadm_group` tinyint(3) UNSIGNED NOT NULL DEFAULT '1',
  `min_svalue` int(10) UNSIGNED NOT NULL DEFAULT '0',
  `max_svalue` int(10) UNSIGNED NOT NULL DEFAULT '0',
  `can_see_sale` enum('0','1') NOT NULL DEFAULT '0',
  `can_see_comm_sale` enum('0','1') NOT NULL DEFAULT '0',
  `can_see_rent` enum('0','1') NOT NULL DEFAULT '0',
  `can_see_comm_rent` enum('0','1') NOT NULL DEFAULT '0',
  `is_active` enum('0','1') NOT NULL DEFAULT '0',
  `lang_id` tinyint(3) UNSIGNED NOT NULL DEFAULT '1',
  `contacts` text NOT NULL
) ENGINE=MyISAM DEFAULT CHARSET=utf8;

--
-- Дамп данных таблицы `realst_ta_usrsadm_main`
--

INSERT INTO `realst_ta_usrsadm_main` (`uadm_id`, `uadm_fio`, `uadm_login`, `uadm_passw`, `uadm_group`, `min_svalue`, `max_svalue`, `can_see_sale`, `can_see_comm_sale`, `can_see_rent`, `can_see_comm_rent`, `is_active`, `lang_id`, `contacts`) VALUES
(1, 'Сергей Липсиц', 'temp', '827ccb0eea8a706c4c34a16891f84e7b', 1, 0, 0, '1', '1', '1', '0', '1', 2, '000-00-00, lipsits@gmail.com'),
(2, 'Павел', 'pavel', 'ef1652b79c940145b600de7a2fe0288e', 1, 0, 0, '1', '1', '1', '1', '1', 1, ''),
(3, 'Тестовый риелтор', 'testrieltor', '189d11731c38ab82c32490956f585299', 4, 0, 10000, '1', '0', '0', '0', '0', 1, 'телефон: 000-00=00');

-- --------------------------------------------------------

--
-- Структура таблицы `realst_ta_usrsadm_moduls_rights`
--

CREATE TABLE `realst_ta_usrsadm_moduls_rights` (
  `ua_modul_id` bigint(255) UNSIGNED NOT NULL DEFAULT '0',
  `uadm_id` bigint(255) UNSIGNED NOT NULL DEFAULT '0',
  `uadm_flag` enum('0','1') DEFAULT '0',
  `ua_modul_poz` int(255) UNSIGNED DEFAULT NULL
) ENGINE=MyISAM DEFAULT CHARSET=utf8;

--
-- Дамп данных таблицы `realst_ta_usrsadm_moduls_rights`
--

INSERT INTO `realst_ta_usrsadm_moduls_rights` (`ua_modul_id`, `uadm_id`, `uadm_flag`, `ua_modul_poz`) VALUES
(1, 1, '1', 1),
(2, 1, '1', 2),
(1, 2, '0', 3),
(2, 2, '0', 2),
(1, 0, '0', 1),
(2, 0, '1', 2),
(3, 2, '0', 1),
(3, 1, '1', 3),
(4, 1, '1', 4),
(4, 2, '0', 4),
(5, 1, '0', 5),
(5, 2, '0', 5),
(6, 1, '1', 6),
(6, 2, '1', 6),
(4, 3, '0', 1),
(5, 3, '0', 2),
(2, 3, '0', 3),
(6, 3, '1', 4),
(3, 3, '0', 5),
(1, 3, '0', 6);

-- --------------------------------------------------------

--
-- Структура таблицы `realst_ta_usrsadm_moduls_spis`
--

CREATE TABLE `realst_ta_usrsadm_moduls_spis` (
  `ua_modul_id` bigint(255) UNSIGNED NOT NULL,
  `ua_modul_nazv` text NOT NULL,
  `ua_modul_dir` text NOT NULL,
  `ua_modul_sqlpref` text NOT NULL,
  `ua_modul_mfile` text NOT NULL,
  `ua_modul_icon` text NOT NULL
) ENGINE=MyISAM DEFAULT CHARSET=utf8;

--
-- Дамп данных таблицы `realst_ta_usrsadm_moduls_spis`
--

INSERT INTO `realst_ta_usrsadm_moduls_spis` (`ua_modul_id`, `ua_modul_nazv`, `ua_modul_dir`, `ua_modul_sqlpref`, `ua_modul_mfile`, `ua_modul_icon`) VALUES
(1, 'Users', 'useraccess', 'ta_usrsadm', 'accmain.php', 'useraccess.png'),
(2, 'Moduls sort', 'usermodpoz', 'ta_usrsadm', 'pozitions.php', 'modpoz.png'),
(3, 'Translate', 'translate', 'translate', 'main.php', 'translate.png'),
(4, 'Crontab', 'crontabsys', 'crontb_', 'crontabadm.php', 'crontab.png'),
(5, 'Defaults Letters ', 'letttempl', 'letters', 'letter_texts.php', 'letters.png'),
(6, 'Realstate', 'realstate', 'relastate_', 'main.php', 'realstate.png');

-- --------------------------------------------------------

--
-- Структура таблицы `realst_translate`
--

CREATE TABLE `realst_translate` (
  `KeyText` varchar(255) NOT NULL,
  `RusText` text NOT NULL,
  `UaText` text NOT NULL,
  `EngText` text NOT NULL
) ENGINE=MyISAM DEFAULT CHARSET=utf8;

--
-- Дамп данных таблицы `realst_translate`
--

INSERT INTO `realst_translate` (`KeyText`, `RusText`, `UaText`, `EngText`) VALUES
('TRNSL-MAINMENU', 'Главное меню', 'Головне меню', 'Main menu'),
('TRNSL-MODUL-SPIS', 'Список модулей сайта', 'Список модулів сайту', 'List of moduls'),
('TRNSL-ADD-ADMIN', 'Добавить нового пользователя', 'Додати нового користувача', 'Add new user'),
('TRNSL-EDIT-ADMIN', 'Редактировать пользователя', 'Редагувати користувача', 'Edit user'),
('TRNSL-SEARCH-BY-NAME', 'Искать по имени', '', 'Found by name'),
('TRNSL-SEARCH-BY-LOGIN', 'Искать по логину', '', 'Found by login'),
('TRNSL-SURE-DEL', 'Действительно хотите удалить', ' Дійсно хочете видалити', 'Sure to delete'),
('TRNSL-DEL-USER', 'Удалить пользователя', 'Видалити користувача', 'Delete user'),
('TRNSL-NAME', 'Имя', 'Iмя', 'Name'),
('TRNSL-LOGIN', 'Логин', 'Логін', 'Login'),
('TRNSL-PASS', 'Пароль', 'Недоступний', 'Password'),
('TRNSL-CHNG-PASS', 'Изменить пароль', 'Змінити пароль', 'Change password'),
('TRNSL-ADMIN-MOD-LAST', 'Операции с правами модуля &quot;Пользователи&quot; запрещены:<BR> вы <B>последний</B> пользователь имеющий сюда доступ', 'Операції з правами модуля &quot;Користувачі&quot; заборонені: <BR> ви <B> останній </B> користувач має сюди доступ', 'Change access to &quot;Users&quot; module is locked:<br> your <b>last</b> admin'),
('TRNSL-AVAL', 'Доступен', 'Доступний', 'Available'),
('TRNSL-NOT-AVAL', 'Недоступен', 'Недоступний', 'Not available'),
('TRNSL-SAVE', 'Сохранить', 'Зберегти', 'Save'),
('TRNSL-SAVED', 'Сохранено', 'Збережено', 'Saved'),
('TRNSL-NEW-PASS', 'Новый пароль', 'Новий пароль', 'New password'),
('TRNSL-GEN-NEW-PASS', 'Сгенерировать новый пароль', 'Згенерувати новий пароль', 'Generate new password'),
('TRNSL-WGEN-NEW-PASS', 'Сгенерирован новый пароль', 'Згенерований новий пароль', 'Has been generated new password'),
('TRNSL-BACK', 'Назад', '', 'Back'),
('TRNSL-DELETED', 'Удалено', 'Вилучено', 'Deleted'),
('TRNSL-ACC-TO-MODS', 'Права на модули', 'Права на модулі', 'Access to moduls'),
('TRNSL-SEL-BLOCK', 'Выберите блок в который следует переместить', 'Виберіть блок в який слід перемістити', 'Select block to move'),
('TRNSL-ADD', 'Добавить', 'Додати', 'Add'),
('TRNSL-MATERAL-PANEL', 'панель', 'панель', ''),
('TRNSL-MATERAL-BRICK', 'кирпич', 'цегла', ''),
('TRNSL-MATERAL-BLOCK', 'пеноблок', 'піноблок', ''),
('TRNSL-FL-ENT-PARADN', 'парадный', 'парадний', ''),
('TRNSL-FL-ENT-BALC', 'по балкону', 'по балкону', ''),
('TRNSL-FL-ENT-BALC-KITHC', 'по балкону в кухню', 'по балкону в кухню', ''),
('TRNSL-FL-ENT-CORR', 'парадный в коридор', 'парадний в коридор', ''),
('TRNSL-NOTRANSL-INDEX', 'Ошибка! Добавить нельзя - нет индекса', 'Помилка! Додати можна - немає індексу', ''),
('TRNSL-USERS-SPIS', 'Список пользователей системы', 'Список користувачів системи', ''),
('TRNSL-SELECT-MODUL', 'Выберите модуль', 'Виберіть модуль', ''),
('TRNSL-GROUP', 'Группа<br>пользователей', 'Група<br>користувачів', ''),
('TRNSL-MIN-PRICE', 'Min цена', 'Min ціна', ''),
('TRNSL-MAX-PRICE', 'Max цена', 'Max ціна', ''),
('TRNSL-SEE-SALE', 'Продажа', 'Продаж', ''),
('TRNSL-SEE-COMM-SALE', 'Ком.продажа', 'Ком.продаж', ''),
('TRNSL-SEE-RENT', 'Аренда', 'Оренда', ''),
('TRNSL-SEE-COMM-RENT', 'Ком.аренда', 'Ком.оренда', ''),
('TRNSL-YES', 'Да', 'Так', ''),
('TRNSL-NO', 'Нет', 'Немає', ''),
('TRNSL-ACTIVE', 'Активно', 'Активний', ''),
('TRNSL-USER-REALTOR', 'Риэлтор', 'Ріелтор', ''),
('TRNSL-USER-ADMIN', 'Админ', 'Адмін', ''),
('TRNSL-USER-OPERATOR', 'Оператор', 'Оператор', ''),
('TRNSL-USER-MANAGER', 'Руководитель', 'Керівник', ''),
('TRNSL-LANG', 'Язык', 'Мова', ''),
('TRNSL-FL-ENT-KITCH', 'парадный в кухню', 'парадний в кухню', ''),
('TRNSL-FL-ENT-ROOM', 'парадный в комнату', 'парадний в кімнату', ''),
('TRNSL-FL-COMMUN', 'коммуналка', 'комуналка', ''),
('TRNSL-FL-OBSHEJIT', 'общежития', 'гуртожитки', ''),
('TRNSL-FL-KVALERK', 'кавалерка', 'кавалерка', ''),
('TRNSL-FL-MALOSEM', 'малосемейка', 'малосімейка', ''),
('TRNSL-FL-HRUCHEV', 'хрущевка', 'хрущівка', ''),
('TRNSL-FL-BREJNEV', 'брежневка', 'брєжнівка', ''),
('TRNSL-FL-STALIN', 'сталинка', 'сталінка', ''),
('TRNSL-FL-KIRP-MNOGOET', 'кирпичная многоэтажка', 'цегляна багатоповерхівка', ''),
('TRNSL-FL-CHESH', 'чешка', 'чешка', ''),
('TRNSL-FL-POLSK', 'польский дом', 'польський будинок', ''),
('TRNSL-FL-POLSK-LUX', 'польский люкс', 'польський люкс', ''),
('TRNSL-FL-ASTROVENG', 'дом Австро-Венгрии', 'будинка Австро-угорщини', ''),
('TRNSL-FL-NOVOSTROI', 'новостройка', 'новобудови', ''),
('TRNSL-HT-CENTER', 'центральное', 'центральне', ''),
('TRNSL-HT-BAKE', 'печное', 'пічне', ''),
('TRNSL-HT-NOHT', 'без отопления', 'без опалення', ''),
('TRNSL-HT-INDIV', 'индивидуальное', 'індивідуальне', ''),
('TRNSL-HEAT', 'Отопление', 'Опалення', ''),
('TRNSL-MATERAL', 'Материал стен', 'Матреріал стін', ''),
('TRNSL-SNT', 'Сантехника', 'Сантехніка', ''),
('TRNSL-SNT-SOV', 'советская', 'радянська', ''),
('TRNSL-SNT-90', '90-хх годов', '90-хх років', ''),
('TRNSL-SNT-2000', '2000-х годов', '2000-х років', ''),
('TRNSL-SNT-NORM', 'нормальная', 'нормальна', ''),
('TRNSL-SNT-SOVREM', 'современная', 'сучасна', ''),
('TRNSL-PEREKR', 'Перекрытия', 'Перекриття', ''),
('TRNSL-PEREKR-WOOD', 'деревянные', 'деревяні', ''),
('TRNSL-PEREKR-BETON', 'железобетон', 'залізобетон', ''),
('TRNSL-MEBEL', 'Мебель', 'Меблі', ''),
('TRNSL-MEBEL-SOVREM', 'современная', 'сучасна', ''),
('TRNSL-MEBEL-DISIGN', 'дизайнерская', 'дизайнерська', ''),
('TRNSL-MEBEL-2000', '2000-х', '2000-х', ''),
('TRNSL-MEBEL-90', '90-х', '90-х', ''),
('TRNSL-MEBEL-SOV', 'советская', 'радянська', ''),
('TRNSL-REMONT', 'Ремонт', '', ''),
('TRNSL-REMONT-SOV', 'советский', 'радянський', ''),
('TRNSL-REMONT-SANIT', 'санитарный', 'санітарний', ''),
('TRNSL-REMONT-SOVREM', 'современный', 'сучасний', ''),
('TRNSL-REMONT-DISIGN', 'дизайнерский', 'дизайнерський', ''),
('TRNSL-KUHNI', 'Кухня', 'Кухня', ''),
('TRNSL-KUHNI-SOV', 'советская', 'радянська', ''),
('TRNSL-KUHNI-90', '90-хх', '90-хх', ''),
('TRNSL-KUHNI-2000', '2000-хх', '2000-хх', ''),
('TRNSL-KUHNI-NORM', 'нормальная', 'нормальна', ''),
('TRNSL-KUHNI-SOVREM', 'современная', 'сучасна', ''),
('TRNSL-TECH-TV', 'телевизор', 'телевізор', ''),
('TRNSL-TECH-HOLOD', 'холодильник', 'холодильник', ''),
('TRNSL-TECH-STIRAL', 'стиральная машина', 'пральна машина', ''),
('TRNSL-TECH-INET', 'интернет', 'інтеренет', ''),
('TRNSL-AUTH-USER-LOCKED', 'Пользователь заблокирован', 'Користувач заблокований', ''),
('TRNSL-AUTH-WLOGIN-WPASS', 'Неверный логин и/или пароль', 'Невірний логін і / або пароль', ''),
('TRNSL-LIST-ACTIVE-OBJ', 'Перечень объектов', 'Перелік обєктів', ''),
('TRNSL-PRICE', 'Цена', 'Ціна', ''),
('TRNSL-ADDRESS', 'Номер дома, квартриры', 'Номер будинку, квартири', ''),
('TRNSL-FLOOR', 'Этаж', 'Поверх', ''),
('TRNSL-SEARCH-OBJECT', 'Поиск объектов', 'Пошук обєктів', ''),
('TRNSL-CONTACTS', 'Контакты', 'Контакти', ''),
('TRNSL-SELECT-STREET', 'Выберите улицу', 'Виберіть вулицю', ''),
('TRNSL-KOLVO-ROOMS', 'Кол-во комнат', 'Кількість кімнат', ''),
('TRNSL-FL-TYPE', 'Тип дома', 'Тип будинку', ''),
('TRNSL-NO-MATTER', 'Все равно', 'Все одно', ''),
('TRNSL-LIST-ADD-OBJ', 'Добавить новый объект', 'Додати новий обєкт', ''),
('TRNSL-NO-ACCESS', 'Нет прав для этого действия', 'Немає прав для цього дії', ''),
('TRNSL-STREET', 'Улица', 'Вулиця', ''),
('TRNSL-OBJ-INFO-MAIN', 'Основная информация', 'Основна інформація', ''),
('TRNSL-FLOOR-KLV', 'Этажность', 'Поверховість', ''),
('TRNSL-OBJ-INFO-AREA', 'Площадь подробно', 'Площа детально', ''),
('TRNSL-GRIVNA', 'гривна', 'гривня', ''),
('TRNSL-DOLLAR', 'доллар', 'долар', ''),
('TRNSL-EURO', 'евро', 'евро', ''),
('TRNSL-PRICE-VALUT', 'Валюта цены', 'Валюта ціни', ''),
('TRNSL-PREPAY', 'Предоплата', 'Передоплата', ''),
('TRNSL-PREPAY-VALUT', 'Валюта предоплаты', 'Валюта передоплати', ''),
('TRNSL-OBJ-FOTOS', 'Фотографии', 'Фотографії', ''),
('TRNSL-CONTACTS-OWNER', 'Контакты владельца', 'Контакти власника', ''),
('TRNSL-OBJ-INFO-DOP', 'Дополнительная информация', 'Додаткова інформація', ''),
('TRNSL-FL-ENT', 'Вход в квартиру', 'Вхід в квартиру', ''),
('TRNSL-TRANS-TYPE', 'Тип контракта', 'Тип контракту', ''),
('TRNSL-OBJ-COMMERCE', 'Коммерческий объект', 'Комерційний обєкт', ''),
('TRNSL-OBJ-PERIOD', 'На какой срок', 'На який термін', ''),
('TRNSL-OBJ-ANOTHER', 'Другое', 'Iнше', ''),
('TRNSL-LINKED-RIELTOR', 'Связанный риелтор', 'Повязаний ріелтор', ''),
('TRNSL-LINKED-NO-RIELTOR', 'Ни с кем не связан', 'Ні з ким не повязаний', ''),
('TRNSL-FRIEND-RIELTOR', 'Объект дружественного риелтора', 'Обєкт дружнього ріелтора', ''),
('TRNSL-OBJ-WILL-LIVE', 'Кто будет проживать', 'Хто буде проживати', ''),
('TRNSL-AUTH-MAIN', 'Авторизуйтесь, пожалуйста', 'Авторизуйтесь, будь ласка', ''),
('TRNSL-AUTH', 'Войти', 'Увійти', ''),
('TRNSL-OBJ-TYPE-FLAT', 'Квартира', 'Квартира', ''),
('TRNSL-OBJ-TYPE-ROOM', 'Комната', 'Кімната', ''),
('TRNSL-OBJ-TYPE-HOUSE', 'Дом', 'Будинок', ''),
('TRNSL-OBJ-TYPE-CHOUSE', 'Дача', 'Дача', ''),
('TRNSL-OBJ-TYPE', 'Тип объекта', 'Тип обєкта', ''),
('TRNSL-RAJON', 'Район', 'Район', ''),
('TRNSL-OBJ-INFO-TOT-AREA', 'Общая площадь', 'Загальна площа', ''),
('TRNSL-FORM-NEED-DIGIT', 'Нужно число', 'Потрібно число', ''),
('TRNSL-FORM-NEED-VALUE', 'Должно быть заполнено', 'Повинно бути заповнене', ''),
('TRNSL-SAVE-CONTINUE', 'Сохранить и продолжить', 'Зберегти і продовжити', ''),
('TRNSL-CANCEL', 'Отмена', 'Відміна', ''),
('TRNSL-EMPTY-REQ-FIELDS', 'Не заполнены обязательные поля', 'Чи не заповнені обовязкові поля', ''),
('TRNSL-SELECT-AREA', 'Выберите район', 'Виберіть район', ''),
('TRNSL-NO-OBJECT', 'Не найдено объектов', 'Чи не знайдено обєктів', ''),
('TRNSL-CONTACTS-RIELTOR', 'Контакты риелтора', 'Контакти ріелтора', ''),
('TRNSL-EDIT', 'Редактировать', 'Редагувати', ''),
('TRNSL-ADDED-BY', 'Объект добавлен', 'Обєкт додано', ''),
('TRNSL-EDIT-OBJECT', 'Редактирование объекта', 'Редагування обєкта', ''),
('TRNSL-NO-ID', 'Нет ID объекта', 'Ні ID обєкта', ''),
('TRNSL-SAVE-BY-AJAX', 'Данные сохраняются немедленно (AJAX). Будьте аккуратны', 'Дані зберігаються негайно (AJAX). Будьте акуратні', ''),
('TRNSL-SAVE-ERROR', 'Ошибка! Не сохранено', 'Помилка! Чи не збережено', ''),
('TRNSL-ERROR-TECH', 'Техническая ошибка (имя поля)', ' Технічна помилка (імя поля)', ''),
('TRNSL-ERROR-VALUE', 'Не верное значение', 'Некоректна', ''),
('TRNSL-HISTORY', 'История', 'Історія', ''),
('TRNSL-IMAGES', 'Изображения', 'Зображення', ''),
('TRNSL-CLEAR', 'Очистить', 'Очистити', ''),
('TRNSL-NO-DATA', 'Нет данных', 'Немає даних', '');

--
-- Индексы сохранённых таблиц
--

--
-- Индексы таблицы `realst_crontb_tasks`
--
ALTER TABLE `realst_crontb_tasks`
  ADD PRIMARY KEY (`Task_ID`);

--
-- Индексы таблицы `realst_list_cities`
--
ALTER TABLE `realst_list_cities`
  ADD PRIMARY KEY (`CityID`);

--
-- Индексы таблицы `realst_list_rajons`
--
ALTER TABLE `realst_list_rajons`
  ADD PRIMARY KEY (`RajonID`),
  ADD KEY `CityID` (`CityID`);

--
-- Индексы таблицы `realst_list_streets`
--
ALTER TABLE `realst_list_streets`
  ADD PRIMARY KEY (`StreetID`),
  ADD KEY `StreetText` (`StreetText`),
  ADD KEY `CityID` (`CityID`);

--
-- Индексы таблицы `realst_realstate_changes_log`
--
ALTER TABLE `realst_realstate_changes_log`
  ADD PRIMARY KEY (`ChangeID`);

--
-- Индексы таблицы `realst_relastate_gallery`
--
ALTER TABLE `realst_relastate_gallery`
  ADD PRIMARY KEY (`Image_ID`),
  ADD KEY `Object_ID` (`Object_ID`);

--
-- Индексы таблицы `realst_relastate_live`
--
ALTER TABLE `realst_relastate_live`
  ADD PRIMARY KEY (`Object_ID`);

--
-- Индексы таблицы `realst_ta_usrsadm_main`
--
ALTER TABLE `realst_ta_usrsadm_main`
  ADD PRIMARY KEY (`uadm_id`),
  ADD UNIQUE KEY `uadm_fio` (`uadm_fio`);

--
-- Индексы таблицы `realst_ta_usrsadm_moduls_spis`
--
ALTER TABLE `realst_ta_usrsadm_moduls_spis`
  ADD PRIMARY KEY (`ua_modul_id`);

--
-- Индексы таблицы `realst_translate`
--
ALTER TABLE `realst_translate`
  ADD UNIQUE KEY `KeyText` (`KeyText`);

--
-- AUTO_INCREMENT для сохранённых таблиц
--

--
-- AUTO_INCREMENT для таблицы `realst_crontb_tasks`
--
ALTER TABLE `realst_crontb_tasks`
  MODIFY `Task_ID` smallint(10) UNSIGNED NOT NULL AUTO_INCREMENT, AUTO_INCREMENT=1;
--
-- AUTO_INCREMENT для таблицы `realst_list_cities`
--
ALTER TABLE `realst_list_cities`
  MODIFY `CityID` tinyint(3) UNSIGNED NOT NULL AUTO_INCREMENT, AUTO_INCREMENT=2;
--
-- AUTO_INCREMENT для таблицы `realst_list_rajons`
--
ALTER TABLE `realst_list_rajons`
  MODIFY `RajonID` tinyint(3) UNSIGNED NOT NULL AUTO_INCREMENT, AUTO_INCREMENT=7;
--
-- AUTO_INCREMENT для таблицы `realst_list_streets`
--
ALTER TABLE `realst_list_streets`
  MODIFY `StreetID` mediumint(8) UNSIGNED NOT NULL AUTO_INCREMENT, AUTO_INCREMENT=1143;
--
-- AUTO_INCREMENT для таблицы `realst_realstate_changes_log`
--
ALTER TABLE `realst_realstate_changes_log`
  MODIFY `ChangeID` bigint(20) UNSIGNED NOT NULL AUTO_INCREMENT, AUTO_INCREMENT=1;
--
-- AUTO_INCREMENT для таблицы `realst_relastate_gallery`
--
ALTER TABLE `realst_relastate_gallery`
  MODIFY `Image_ID` int(10) UNSIGNED NOT NULL AUTO_INCREMENT, AUTO_INCREMENT=1;
--
-- AUTO_INCREMENT для таблицы `realst_relastate_live`
--
ALTER TABLE `realst_relastate_live`
  MODIFY `Object_ID` int(10) UNSIGNED NOT NULL AUTO_INCREMENT, AUTO_INCREMENT=1;
--
-- AUTO_INCREMENT для таблицы `realst_ta_usrsadm_main`
--
ALTER TABLE `realst_ta_usrsadm_main`
  MODIFY `uadm_id` mediumint(8) UNSIGNED NOT NULL AUTO_INCREMENT, AUTO_INCREMENT=4;
--
-- AUTO_INCREMENT для таблицы `realst_ta_usrsadm_moduls_spis`
--
ALTER TABLE `realst_ta_usrsadm_moduls_spis`
  MODIFY `ua_modul_id` bigint(255) UNSIGNED NOT NULL AUTO_INCREMENT, AUTO_INCREMENT=7;
/*!40101 SET CHARACTER_SET_CLIENT=@OLD_CHARACTER_SET_CLIENT */;
/*!40101 SET CHARACTER_SET_RESULTS=@OLD_CHARACTER_SET_RESULTS */;
/*!40101 SET COLLATION_CONNECTION=@OLD_COLLATION_CONNECTION */;
